Name,Location,Kms_driven,Fuel_type,Owner,Year,Price
Ford Figo Duratec,Bangalore,35056,Petrol,0,2015,380000
Maruti Suzuki Wagon,Bangalore,44000,Petrol,0,2016,465000
Hyundai Creta 1.6,Bangalore,42917,Petrol,0,2018,1350000
Hyundai Venue ,Chennai,16112,Petrol,2,2019,1019699
Honda Jazz ,Pune,30988,Petrol,2,2017,713499
Hyundai i20 ,Pune,69163,Diesel,2,2013,391099
Maruti Suzuki Swift,Pune,42859,Petrol,2,2015,474299
Toyota Corolla Altis,Pune,34919,Petrol,1,2017,1252999
Honda Amaze ,Pune,44940,Petrol,0,2013,393699
Hyundai Elite i20,Pune,13687,Petrol,1,2017,730899
Maruti Suzuki Alto,Pune,29848,Petrol,2,2018,343099
Honda Jazz ,Pune,21426,Petrol,2,2018,707599
Maruti Suzuki Baleno,Pune,68177,Diesel,2,2016,688899
Jeep Compass ,Pune,70650,Diesel,1,2017,1421599
Maruti Suzuki Alto,Pune,25730,Petrol,2,2017,399999
Kia Seltos ,Pune,47096,Petrol,2,2019,1473299
Toyota Innova 2.5,Bangalore,131000,Diesel,0,2012,1025000
Hyundai Elite i20,Bangalore,26000,Petrol,0,2016,735000
Hyundai Creta 1.6,Chennai,58460,Diesel,1,2019,600000
Kia Seltos ,Chennai,48000,Petrol,1,2020,800000
Maruti Suzuki Ciaz,Hyderabad,26600,Petrol,0,2017,700000
Ford EcoSport Titanium,Faridabad,36000,Petrol,0,2019,820000
Tata Nano Twist,Chennai,39500,Petrol,0,2014,195000
Audi Q7 3.0,Chennai,76000,Diesel,0,2011,1850000
Ford Ecosport ,Pune,23698,Petrol,1,2017,807499
Hyundai Grand i10,Pune,37860,Petrol,2,2016,522999
Maruti Suzuki Swift,Pune,91830,Petrol,2,2015,474299
Hyundai Elite i20,Pune,31172,Petrol,2,2019,740899
Toyota Yaris ,Pune,3243,Petrol,2,2021,1141999
Tata Nexon ,Pune,9616,Petrol,2,2020,971299
Maruti Suzuki Baleno,Pune,30249,Petrol,2,2017,640999
Maruti Suzuki Baleno,Pune,60875,Petrol,2,2019,676199
Maruti Suzuki Swift,Chennai,25740,Petrol,2,2017,562399
Ford Ecosport 1.0,Pune,38587,Petrol,2,2014,580899
Renault Triber ,Pune,3108,Petrol,2,2021,770999
Honda Amaze ,Pune,35353,Petrol,2,2016,531399
Hyundai EON Magna,Pune,34748,Petrol,2,2017,367299
Maruti Suzuki Alto,Pune,2359,Petrol,2,2020,412199
Hyundai Creta S,Pune,17814,Diesel,2,2020,1460099
Maruti Suzuki Baleno,Pune,68934,Petrol,2,2018,618699
Hyundai i20 Asta,Bangalore,72600,Petrol,2,2014,485000
BMW 3 Series,Chennai,81000,Diesel,0,2010,890000
Nissan Micra XV,Chennai,80000,Diesel,1,2012,245000
Toyota Glanza V,Bangalore,12000,Petrol,0,2020,945000
Maruti Suzuki Swift,Bangalore,6000,Petrol,0,2016,590000
Honda Brio S,Bangalore,56000,Petrol,0,2017,495000
Maruti Suzuki Wagon,Bangalore,56000,Petrol,0,2017,475000
MG Motors Hector,Chennai,36000,Diesel,1,2020,1200000
Maruti Suzuki Wagon,Pune,15840,Petrol,2,2017,490199
Maruti Suzuki Vitara,Pune,32482,Diesel,2,2017,920999
Honda City ,Pune,113779,Diesel,2,2014,554399
Maruti Suzuki Wagon,Pune,26150,Petrol,2,2017,408999
Mahindra XUV 500,Pune,34555,Diesel,2,2018,1248299
Maruti Suzuki Baleno,Pune,30880,Petrol,1,2018,636099
Hyundai i20 Asta,Pune,70423,Petrol,1,2013,452699
Hyundai Elite i20,Pune,30232,Diesel,2,2018,704399
Volkswagen Polo ,Pune,50077,Petrol,2,2016,553599
Ford Ecosport ,Pune,18482,Diesel,2,2018,999599
Maruti Suzuki Baleno,Pune,10246,Petrol,2,2018,684699
Maruti Suzuki Baleno,Pune,25021,Petrol,2,2016,620399
Hyundai Elite i20,Pune,70646,Petrol,2,2014,549899
Maruti Suzuki Vitara,Pune,45490,Diesel,2,2018,812899
Ford Ecosport ,Chennai,53306,Diesel,2,2016,656699
Hyundai Creta 1.6,Chennai,58460,Diesel,1,2019,725000
Hyundai Venue ,Chennai,29000,Diesel,1,2019,600000
Volvo XC90 D5,Chennai,110000,Diesel,0,2016,3700000
Mahindra XUV 500,Chennai,95000,Diesel,0,2013,735000
Toyota Fortuner 3.0,Chennai,170000,Diesel,0,2012,1350000
Honda Jazz VX,Pune,80000,Petrol,0,2013,365000
Hyundai i10 Asta,Pune,58000,Petrol,0,2011,280000
Tata Nexon XM,Pune,22000,Diesel,0,2019,840000
Hyundai Creta 1.6,Pune,69215,Petrol,1,2017,818599
Hyundai Verna 1.6,Pune,33340,Petrol,1,2018,862399
Renault Triber ,Pune,9783,Petrol,2,2019,673599
Hyundai Santro Sportz,Pune,15110,Petrol,2,2018,528899
Maruti Suzuki S,Pune,3399,Petrol,2,2021,527999
Mahindra XUV 500,Pune,89310,Diesel,1,2013,791699
Maruti Suzuki Wagon,Chennai,53148,Petrol,1,2015,392999
Honda City VX,Pune,42020,Petrol,1,2015,690199
Maruti Suzuki Swift,Pune,74594,Diesel,2,2013,474699
MG Motors Hector,Pune,6110,Petrol,2,2021,2019899
Hyundai Grand i10,Pune,24346,Petrol,2,2017,562299
Jeep Compass ,Pune,65668,Diesel,1,2017,1400999
Renault Kwid ,Pune,48644,Petrol,2,2018,447599
Toyota Innova Crysta,Pune,36877,Diesel,2,2018,1814599
Tata Nexon ,Pune,79673,Diesel,2,2018,920399
Maruti Suzuki Swift,Pune,54352,Petrol,2,2014,447599
Tata Zest XMS,Pune,64000,Diesel,0,2016,390000
Ford Freestyle TITANIUM,Kanchipuram,54000,Diesel,0,2018,650000
Maruti Suzuki Swift,Chennai,40000,Petrol,0,2017,575000
Mahindra Xylo ,Kozhikode,107000,Diesel,1,2015,525000
Mahindra Xylo ,Kozhikode,107000,Diesel,2,2015,525000
BMW 5 Series,Kolkata,38000,Diesel,0,2011,1000000
Hyundai i20 Magna,Bangalore,86000,Petrol,0,2010,325000
Jeep Compass Limited,Mumbai,10000,Diesel,0,2021,3000000
Maruti Suzuki Alto,Pune,48658,Petrol,2,2017,343299
MG Motors Hector,Pune,11998,Petrol,2,2020,1711499
Maruti Suzuki Vitara,Pune,32513,Diesel,2,2018,918799
Hyundai Grand i10,Pune,21372,Petrol,2,2016,526399
Volkswagen Vento ,Pune,34178,Petrol,1,2017,881099
Kia Seltos ,Pune,20547,Petrol,2,2019,1764199
Maruti Suzuki Baleno,Pune,34731,Petrol,2,2016,639199
Hyundai Grand i10,Pune,30536,Petrol,1,2016,522999
MG Motors Hector,Bangalore,10205,Diesel,2,2019,1917599
Maruti Suzuki Wagon,Pune,25483,Petrol,2,2017,466599
Toyota Corolla Altis,Pune,39113,Petrol,2,2017,1397699
Maruti Suzuki Ignis,Pune,43152,Petrol,2,2017,504399
MG Motors Hector,Pune,5325,Petrol,2,2020,1920399
Ford Ecosport ,Pune,44705,Petrol,2,2018,917599
Toyota Etios ,Pune,70022,Petrol,2,2011,319099
Maruti Suzuki Celerio,Pune,47435,Petrol,2,2017,484399
Volkswagen Polo HIGHLINE1.2L,Chennai,89000,Petrol,0,2010,290000
Mahindra Thar DI,Chennai,9826,Petrol,0,2021,1790000
Ford EcoSport Trend,Chennai,83000,Diesel,0,2017,650000
Honda City 1.5,Lucknow,195000,Petrol,2,2001,73000
Toyota Innova Crysta,Chennai,35000,Diesel,0,2019,2200000
Hyundai Verna 1.6,Coimbatore,13000,Petrol,1,2022,1550000
Mahindra e2o T2,Bangalore,46000,Electric,1,2016,420000
Toyota Fortuner 4x4,Kolkata,72000,Diesel,1,2015,1595000
Hyundai Xcent ,Pune,29026,Petrol,2,2016,573499
Hyundai Creta 1.6,Pune,59258,Petrol,2,2015,879199
Mahindra XUV 500,Pune,120399,Diesel,1,2014,733399
Maruti Suzuki Vitara,Pune,28853,Diesel,2,2018,967599
Honda City ,Pune,9811,Petrol,2,2020,1539299
Hyundai i20 Active,Pune,43538,Petrol,2,2015,561499
Hyundai Creta ,Pune,66400,Petrol,2,2017,1042699
Maruti Suzuki S,Pune,59341,Diesel,2,2017,1032099
Hyundai Creta ,Pune,56246,Petrol,2,2016,903499
Honda Amaze ,Pune,35944,Petrol,2,2014,472499
Honda WR V,Pune,17699,Petrol,2,2018,771299
Maruti Suzuki Wagon,Pune,41065,Petrol,2,2017,447099
Renault Kwid ,Pune,2311,Petrol,2,2019,504599
Hyundai Grand i10,Pune,2991,Petrol,2,2018,620999
Hyundai Grand i10,Pune,29762,Petrol,2,2015,433999
Skoda Rapid ,Pune,91917,Diesel,2,2016,627499
Maruti Suzuki Swift,Delhi,0,Diesel,0,2014,360000
Toyota Fortuner 3.0,Bangalore,131000,Diesel,0,2012,1375000
Maruti Suzuki 800,Chennai,85000,Petrol,0,2000,69000
Tata Nano ,Chennai,37000,Petrol,0,2011,89000
Tata Indica ,Chennai,67000,Diesel,0,2011,89000
Audi Q7 3.0,Mumbai,120000,Diesel,0,2013,2200000
Jaguar XJ L,Mumbai,71000,Diesel,0,2016,4425000
Mercedes Benz GL,Mumbai,105000,Diesel,0,2016,4450000
Maruti Suzuki Dzire,Pune,30771,Petrol,2,2018,704199
Hyundai Santro Sportz,Pune,29488,Petrol,2,2018,513099
Renault Kwid ,Pune,36559,Petrol,2,2019,469399
Honda WR V,Pune,38242,Diesel,2,2018,844199
Maruti Suzuki Ignis,Pune,66426,Petrol,1,2017,544799
Volkswagen Polo ,Pune,16950,Petrol,2,2018,710899
Maruti Suzuki Baleno,Pune,18866,Petrol,2,2016,580599
Maruti Suzuki Swift,Pune,53245,Diesel,1,2017,638499
Hyundai Verna ,Pune,44543,Petrol,1,2016,654699
Maruti Suzuki S,Pune,50128,Diesel,1,2018,894199
Maruti Suzuki S,Pune,56349,Diesel,2,2018,858599
Maruti Suzuki S,Pune,69524,Diesel,2,2017,992199
Volkswagen Polo ,Pune,41218,Petrol,1,2017,714999
Maruti Suzuki Baleno,Pune,9085,Petrol,1,2020,765599
MG Motors Hector,Bangalore,11292,Diesel,2,2019,1800299
Mercedes Benz C,Mumbai,75000,Diesel,2,2011,1190000
Hyundai Creta 1.6,Hyderabad,28000,Diesel,0,2018,1452000
Skoda Rapid Style,Hyderabad,48000,Diesel,0,2018,1026000
Maruti Suzuki Ertiga,Hyderabad,51000,Diesel,0,2017,821000
Hyundai Grand i10,Chennai,24990,Petrol,0,2020,725000
Maruti Suzuki Ertiga,Delhi,48600,Diesel,1,2015,600000
Maruti Suzuki Alto,Delhi,3600,Petrol,1,2019,336000
Tata Indigo eCS,Nanded,115000,Diesel,0,2012,200000
Maruti Suzuki Dzire,Pune,29594,Petrol,2,2019,680699
Honda City VX,Pune,55953,Petrol,1,2015,714899
Maruti Suzuki Alto,Pune,16980,Petrol,1,2016,316799
Ford Ecosport ,Pune,41828,Diesel,2,2016,675099
Maruti Suzuki S,Pune,64803,Diesel,2,2018,1057399
Maruti Suzuki Ertiga,Pune,44460,Diesel,2,2018,938099
Tata Nexon ,Pune,14276,Diesel,2,2018,1057699
Maruti Suzuki Wagon,Pune,23425,Petrol,2,2019,610099
Maruti Suzuki Alto,Pune,23056,Petrol,2,2018,452199
Hyundai Elite i20,Pune,16102,Petrol,2,2019,712699
Maruti Suzuki Vitara,Pune,56615,Diesel,1,2019,838699
Mahindra TUV300 ,Pune,70317,Diesel,1,2015,666899
MG Motors Hector,Bangalore,6760,Petrol,2,2020,1681899
MG Motors Hector,Chennai,8870,Petrol,2,2020,1854599
Maruti Suzuki Baleno,Pune,78209,Petrol,1,2016,571499
Volkswagen Vento ,Pune,64292,Petrol,2,2015,589199
Toyota Innova Crysta,Chennai,57000,Diesel,0,2020,2350000
Toyota Fortuner ,Chennai,42000,Diesel,0,2019,3650000
Toyota Innova 2.5,Hyderabad,141000,Diesel,0,2011,445000
Ssangyong Rexton RX7,Malappuram,82000,Diesel,0,2017,1231000
Toyota Fortuner 3.0,Chandigarh,117000,Diesel,2,2012,1231000
Mahindra TUV300 T8,Chennai,70000,Diesel,0,2015,600000
Hyundai i20 Magna,Bangalore,89450,Diesel,2,2011,320000
Maruti Suzuki Ertiga,Madurai,29000,Petrol,0,2020,1175000
Maruti Suzuki Alto,Pune,58771,Petrol,2,2015,351699
Maruti Suzuki Alto,Pune,53266,Petrol,2,2016,299199
Honda Amaze ,Pune,9200,Petrol,2,2019,657199
Ford Ecosport ,Pune,61721,Petrol,2,2014,539299
Hyundai Grand i10,Pune,18333,Petrol,2,2017,608399
Ford Ecosport ,Pune,51780,Petrol,2,2019,1042799
Maruti Suzuki Baleno,Pune,30854,Petrol,2,2018,645199
Ford Ecosport ,Pune,24680,Petrol,2,2017,811899
Volkswagen Vento ,Pune,85663,Petrol,1,2015,557799
Mahindra Bolero ,Pune,20541,Diesel,2,2021,873999
Hyundai i20 Magna,Pune,64182,Petrol,1,2010,278299
Maruti Suzuki S,Pune,58819,Diesel,2,2017,986399
Maruti Suzuki Wagon,Pune,32057,Petrol,2,2019,610099
Jeep Compass ,Pune,18403,Petrol,2,2018,1749899
Maruti Suzuki Alto,Pune,7877,Petrol,2,2018,443899
Hyundai Verna 1.6,Pune,15509,Petrol,2,2018,936299
Honda Jazz VX,Madurai,15000,Petrol,0,2018,850000
Maruti Suzuki Ignis,Madurai,75000,Diesel,0,2017,595000
Hyundai i10 Magna,Mumbai,62000,Petrol,0,2008,175000
Hyundai Creta 1.6,Chennai,134500,Diesel,0,2018,930000
Toyota Fortuner 3.0,BolpurSantiniketan,63896,Diesel,0,2012,1500000
Mahindra Scorpio ,Chennai,90000,Diesel,0,2005,159000
Maruti Suzuki Alto,Chennai,58000,Petrol,0,2007,69000
Ford Ikon ,Chennai,85000,Diesel,0,2008,69000
Maruti Suzuki Baleno,Pune,48329,Petrol,1,2016,580599
Renault Kwid RXT,Pune,21301,Petrol,2,2019,404499
Maruti Suzuki Vitara,Pune,34566,Diesel,2,2019,838699
Renault Kwid ,Pune,34297,Petrol,2,2018,446499
Tata Hexa ,Pune,119571,Diesel,2,2017,1047499
Maruti Suzuki Alto,Pune,27957,Petrol,2,2018,345599
Ford Ecosport ,Pune,27210,Petrol,2,2018,784399
Maruti Suzuki Swift,Pune,21610,Petrol,2,2014,489399
Maruti Suzuki Baleno,Pune,40902,Petrol,2,2017,627499
Maruti Suzuki Alto,Pune,11057,Petrol,2,2015,288399
Maruti Suzuki Baleno,Pune,72505,Petrol,2,2016,573999
Hyundai Creta ,Pune,31338,Petrol,1,2018,1373699
Maruti Suzuki Alto,Pune,28674,Petrol,2,2016,279799
Hyundai Elite i20,Pune,25416,Petrol,1,2018,658199
Hyundai Grand i10,Pune,14765,Petrol,2,2016,465499
Toyota Etios ,Pune,60380,Diesel,1,2015,563999
Hyundai Santro ,Chennai,85000,Petrol,0,2001,59000
Hyundai Getz ,Chennai,73000,Petrol,0,2006,119000
Hyundai Santro Xing,Chennai,85000,Petrol,0,2004,69000
Hyundai Santro ,Chennai,85000,Petrol,0,2002,89000
Ford Figo ,Chennai,86000,Diesel,0,2012,129000
Toyota Fortuner 2.8,Lucknow,55000,Diesel,0,2019,2931000
Mahindra Bolero ZLX,Chennai,79950,Diesel,0,2018,790000
Fiat Linea Emotion,Chennai,75000,Diesel,0,2009,200000
Maruti Suzuki Baleno,Pune,19775,Petrol,2,2018,718699
Tata Tiago ,Pune,28495,Petrol,1,2018,543399
Hyundai Creta ,Pune,28344,Diesel,2,2020,1780399
Toyota Glanza ,Pune,10801,Petrol,2,2020,757999
Tata Nexon ,Pune,4365,Petrol,1,2019,1013999
Maruti Suzuki Celerio,Pune,53266,Diesel,2,2016,439999
Maruti Suzuki S,Pune,50866,Diesel,2,2018,839199
Maruti Suzuki Alto,Pune,24230,Petrol,2,2019,421799
Maruti Suzuki Baleno,Pune,64275,Petrol,2,2016,580599
Hyundai Venue ,Pune,8924,Petrol,2,2019,986799
MG Motors Hector,Pune,12208,Petrol,2,2021,2057399
Honda City V,Pune,26956,Petrol,2,2018,1082299
Hyundai Grand i10,Pune,12223,Petrol,2,2017,576999
Hyundai Grand i10,Pune,23960,Petrol,2,2016,533199
Maruti Suzuki Wagon,Pune,33687,Petrol,2,2015,473299
MG Motors Hector,Pune,24887,Petrol,2,2020,1838399
Toyota Innova 2.5,Mumbai,74000,Diesel,2,2013,800000
Nissan Micra XE,Bhubaneswar,40000,Petrol,0,2011,199000
Hyundai Creta 1.6,Pune,45000,Diesel,0,2020,1750000
Maruti Suzuki Swift,Chennai,41000,Diesel,0,2018,595000
Hyundai Grand i10,Pune,52000,Petrol,0,2014,0
BMW 3 Series,Mumbai,61000,Diesel,2,2015,1890000
Jaguar XF 2.2,Mumbai,20000,Diesel,2,2014,2150000
Hyundai Verna Fluidic,Mumbai,26000,Petrol,1,2015,699000
Hyundai Grand i10,Pune,71423,Petrol,2,2015,451799
Hyundai Grand i10,Pune,34095,Petrol,1,2015,446999
Maruti Suzuki Wagon,Pune,32658,Petrol,2,2016,470799
Maruti Suzuki Ignis,Pune,33166,Petrol,2,2017,511799
Maruti Suzuki Wagon,Chennai,31284,Petrol,2,2014,399899
Maruti Suzuki Wagon,Pune,66090,Petrol,2,2015,375999
Ford Ecosport ,Pune,51295,Petrol,2,2016,664799
Maruti Suzuki Baleno,Pune,48693,Petrol,2,2016,617799
Maruti Suzuki Ciaz,Pune,36626,Diesel,2,2017,749299
Renault Duster ,Pune,55752,Diesel,2,2016,795799
Tata Tigor ,Pune,49341,Diesel,2,2017,543499
Maruti Suzuki Alto,Chennai,60251,Petrol,2,2015,317199
Maruti Suzuki Alto,Pune,22269,Petrol,2,2015,373699
Volkswagen Ameo ,Pune,38999,Petrol,2,2016,501799
Maruti Suzuki Vitara,Pune,29110,Diesel,2,2019,838699
Hyundai Creta ,Pune,14506,Petrol,2,2020,1804399
Chevrolet Beat LT,Bangalore,55000,Petrol,0,2010,175000
Tata Hexa XM,Madurai,60000,Diesel,0,2018,1200000
Toyota Corolla H5,Chennai,80000,Petrol,0,2006,170000
Maruti Suzuki Wagon,Chennai,36000,Petrol,0,2014,360000
Hyundai Xcent 1.2,Chennai,95000,Diesel,2,2016,299000
Ford Figo 1.5,Chennai,88000,Diesel,2,2010,176000
Maruti Suzuki Wagon,Chennai,60000,Petrol,1,2014,325000
Maruti Suzuki S,Pune,29115,Diesel,2,2017,985299
Maruti Suzuki Baleno,Pune,34763,Petrol,2,2017,642899
Maruti Suzuki Ciaz,Chennai,12500,Diesel,2,2015,740000
Maruti Suzuki Baleno,Pune,85000,Petrol,0,2017,610000
Hyundai Grand i10,Pune,40000,Petrol,0,2016,495000
Hyundai Verna 1.6,Pune,71000,Petrol,0,2014,510000
Maruti Suzuki Baleno,Pune,44000,Petrol,0,2017,560000
Toyota Innova 2.0,Pune,124000,Diesel,0,2009,455000
Maruti Suzuki Wagon,Pune,78000,CNG,0,2012,350000
Renault Kwid CLIMBER,Bangalore,44696,Petrol,1,2017,463099
Maruti Suzuki Alto,Pune,33004,Petrol,2,2018,350599
Hyundai Verna Fluidic,Chennai,46034,Petrol,1,2016,636299
Hyundai Grand i10,Chennai,60307,Petrol,1,2020,698199
Hyundai Grand i10,Chennai,8825,Petrol,1,2021,764199
Maruti Suzuki Celerio,Chennai,5743,Petrol,1,2019,524799
Ford EcoSport Ambiente,Chennai,87000,Diesel,1,2013,420000
Kia Seltos GTX,Bangalore,19500,Petrol,0,2020,1831000
Chevrolet Beat LS,Chennai,60000,Petrol,0,2010,210000
Volkswagen Vento Highline,Chennai,70000,Petrol,0,2013,465000
Audi Q7 35,Chennai,65000,Diesel,0,2017,2250000
Maruti Suzuki Ertiga,Chennai,35623,Petrol,0,2020,1090000
Toyota Innova ,Bangalore,160000,Petrol,0,2005,375000
Hyundai i20 Sportz,Chennai,98500,Petrol,0,2009,225000
Maruti Suzuki Eeco,Chennai,25735,Petrol,1,2019,493899
Hyundai Elite i20,Chennai,37522,Petrol,2,2019,825299
Maruti Suzuki Wagon,Chennai,38955,Petrol,1,2018,495499
Datsun Redi GO,Chennai,40664,Petrol,1,2017,0
Hyundai Eon Era,Chennai,65308,Petrol,1,2014,277599
Maruti Suzuki Wagon,Chennai,30467,Petrol,1,2017,473899
Hyundai Venue S,Chennai,1954,Petrol,1,2019,855299
Hyundai Santro 1.1,Chennai,35220,Petrol,1,2019,540299
Hyundai Elite i20,Chennai,75876,Petrol,1,2016,642899
Maruti Suzuki Alto,Chennai,27020,Petrol,1,2021,442299
Renault Triber 1.0,Chennai,13739,Petrol,1,2019,725399
Maruti Suzuki Wagon,Chennai,21544,Petrol,1,2019,558299
Maruti Suzuki Alto,Chennai,13816,Petrol,1,2016,354299
Hyundai Elite i20,Chennai,23817,Petrol,1,2016,673599
Hyundai Grand i10,Chennai,60985,Petrol,1,2017,525099
Hyundai Verna SX,Chennai,80000,Diesel,0,2012,525000
Volkswagen Polo Comfortline,Chennai,30123,Petrol,0,2018,675000
Renault Kwid RXT,Chennai,67000,Petrol,0,2016,325000
Renault Triber RXT,Chennai,26123,Petrol,0,2020,645000
Maruti Suzuki Ertiga,Chennai,60123,Petrol,0,2017,785000
Mahindra TUV300 T8,Chennai,52123,Diesel,0,2016,690000
Maruti Suzuki Celerio,Chennai,11123,Petrol,0,2018,425000
Hyundai Elite i20,Chennai,41233,Petrol,0,2019,645000
Maruti Suzuki Swift,Chennai,50141,Petrol,1,2016,529699
Maruti Suzuki Ertiga,Bangalore,86033,Diesel,0,2018,1081899
Fiat Linea Dynamic,Kolkata,30000,Petrol,1,2012,256000
Honda City ZX,Bangalore,86924,Petrol,0,2008,290000
Volkswagen Polo GT,Bangalore,68870,Petrol,0,2016,735000
Maruti Suzuki XL6,Bangalore,22292,Petrol,2,2019,1244799
Honda Amaze ,Bangalore,44013,Petrol,1,2014,474399
Maruti Suzuki Wagon,Bangalore,96250,Petrol,2,2016,389399
Maruti Suzuki Swift,Chennai,59839,Petrol,2,2017,562399
Hyundai Grand i10,Chennai,49693,Petrol,2,2015,446699
Renault Kwid RXT,Bangalore,22223,Petrol,1,2017,439999
Honda Amaze ,Bangalore,8030,Petrol,2,2021,918999
Volkswagen Polo ,Bangalore,38780,Petrol,2,2016,815799
Maruti Suzuki Vitara,Bangalore,31919,Diesel,2,2018,896799
Hyundai i10 Sportz,Bangalore,47564,Petrol,2,2015,411399
Hyundai Grand i10,Bangalore,42836,Petrol,2,2013,498999
Renault Kwid RXT,Chennai,6000,Petrol,0,2020,470000
Tata Indica ,Chennai,85000,Diesel,0,2007,69000
Mahindra TUV300 T8,Madurai,27000,Diesel,0,2018,925000
Skoda Rapid 1.5,Chennai,145000,Diesel,0,2013,0
Maruti Suzuki Ertiga,Chennai,35000,Petrol,0,2020,1090000
Toyota Etios Liva,Delhi,135000,Diesel,0,2013,300000
Tata Aria Prestige,Bangalore,115000,Diesel,0,2012,450000
Ford Figo ,Bangalore,50488,Petrol,2,2015,357999
Maruti Suzuki Ignis,Pune,12916,Petrol,1,2018,462599
Hyundai Elite i20,Bangalore,30731,Petrol,1,2016,695199
Maruti Suzuki Eeco,Bangalore,8825,Petrol,2,2019,490399
Renault Kwid RxL,Bangalore,21627,Petrol,3,2016,340099
Maruti Suzuki Ertiga,Bangalore,5580,Petrol,2,2020,997899
Hyundai i10 Sportz,Bangalore,41371,Petrol,1,2013,351599
Maruti Suzuki Swift,Bangalore,42313,Petrol,1,2016,603799
Hyundai Elite i20,Bangalore,74913,Petrol,2,2016,599799
Maruti Suzuki Wagon,Bangalore,74760,Petrol,2,2018,456099
Ford Ecosport ,Bangalore,34045,Diesel,2,2019,993699
Maruti Suzuki Ritz,Bangalore,143147,Petrol,2,2010,312299
Hyundai Venue ,Bangalore,28149,Petrol,1,2019,1221799
Maruti Suzuki Swift,Bangalore,38049,Petrol,2,2015,522999
Hyundai EON Magna,Bangalore,78895,Petrol,2,2014,323399
Hyundai Grand i10,Bangalore,27027,Petrol,2,2015,510799
Mahindra XUV 500,Pune,66000,Diesel,0,2013,750000
Hyundai Getz GLS,Bangalore,82000,Petrol,0,2005,155000
Maruti Suzuki Swift,Chennai,57000,Petrol,0,2011,350000
Honda Amaze 1.5,Pune,71000,Diesel,0,2014,410000
Hyundai Eon Era,Pune,47000,CNG,0,2014,275000
Hyundai Grand i10,Pune,37000,Petrol,0,2017,465000
Maruti Suzuki Zen,Bangalore,73000,Petrol,0,2007,145000
Hyundai Getz GLS,Bangalore,82650,Petrol,0,2007,165000
Maruti Suzuki Vitara,Pune,23940,Petrol,2,2020,910799
Renault Captur ,Chennai,26678,Petrol,2,2018,722899
Honda WR V,Pune,41342,Diesel,2,2018,809499
Maruti Suzuki Alto,Bangalore,59614,Petrol,1,2013,297399
Maruti Suzuki Alto,Bangalore,39550,Petrol,2,2016,411999
Renault Triber ,Bangalore,28621,Petrol,1,2019,623399
Honda Brio ,Bangalore,60437,Petrol,1,2013,372399
Maruti Suzuki Wagon,Chennai,26598,Petrol,2,2018,518099
Honda Amaze ,Chennai,62723,Petrol,2,2015,485599
Maruti Suzuki Baleno,Chennai,21145,Petrol,2,2017,636899
Hyundai Grand i10,Pune,48699,Petrol,1,2013,396999
Ford Ecosport ,Pune,10102,Petrol,2,2019,980399
Maruti Suzuki Baleno,Bangalore,34881,Petrol,1,2017,658999
Hyundai EON D,Bangalore,53997,Petrol,2,2015,304099
Maruti Suzuki Alto,Bangalore,49076,Petrol,1,2015,362599
Maruti Suzuki Alto,Bangalore,65951,Petrol,2,2014,344199
Maruti Suzuki Swift,Bangalore,116000,Petrol,0,2007,215000
Skoda Rapid 1.5,Bangalore,136000,Diesel,1,2015,550000
Renault Duster 110PS,Pune,85000,Diesel,0,2013,550000
Maruti Suzuki Alto,Chennai,85000,Petrol,0,2001,79000
Chevrolet Aveo ,Chennai,63000,Petrol,0,2007,67000
Ford Ikon ,Chennai,73000,Petrol,0,2009,59000
Maruti Suzuki Wagon,Chennai,85000,Petrol,0,2007,69000
Maruti Suzuki Alto,Bangalore,15032,Petrol,1,2017,462399
Maruti Suzuki Alto,Pune,15575,Petrol,2,2017,319999
Maruti Suzuki Swift,Pune,147819,Diesel,3,2010,275699
Hyundai Grand i10,Bangalore,35203,Petrol,2,2016,501599
Maruti Suzuki Eeco,Bangalore,7597,Petrol,1,2020,506599
Mahindra Scorpio S5,Bangalore,34883,Diesel,1,2018,1198599
Ford Ecosport ,Bangalore,59580,Diesel,2,2017,775499
Maruti Suzuki Ritz,Bangalore,49647,Petrol,2,2011,338999
Hyundai Verna Fluidic,Bangalore,67577,Petrol,2,2016,652699
Tata Tiago ,Bangalore,10890,Petrol,1,2017,535899
Maruti Suzuki Swift,Chennai,57444,Petrol,1,2015,492099
Honda City ,Bangalore,33598,Petrol,2,2017,885999
Ford Freestyle ,Bangalore,17804,Petrol,2,2018,694899
Maruti Suzuki Swift,Pune,62613,Petrol,2,2013,450599
Hyundai i20 Asta,Bangalore,56974,Petrol,2,2010,377999
Datsun Redi GO,Bangalore,1405,Petrol,1,2021,491499
Maruti Suzuki Omni,Chennai,85000,Petrol,0,2008,89000
Hyundai Creta 1.6,Bangalore,8000,Petrol,0,2020,1865000
Datsun GO T,Kolkata,29000,Petrol,0,2014,235000
Mahindra Bolero B6,Bangalore,22000,Diesel,0,2020,1025000
Volkswagen Polo GT,Pune,118000,Petrol,0,2014,450000
Hyundai Creta 1.6,Pondicherry,23000,Diesel,0,2020,1575000
Maruti Suzuki Swift,Pondicherry,34000,Diesel,0,2018,695000
Honda Civic 1.8V,Hyderabad,87000,Petrol,0,2008,295000
Hyundai Verna ,Pune,36965,Petrol,2,2018,1171199
Honda WR V,Pune,25526,Petrol,1,2017,625699
Hyundai Grand i10,Chennai,20235,Petrol,1,2016,453199
Maruti Suzuki Vitara,Chennai,61064,Diesel,2,2018,850499
Maruti Suzuki Ignis,Chennai,12558,Petrol,2,2018,548699
Maruti Suzuki Alto,Bangalore,14179,Petrol,1,2019,498799
Honda City VX,Chennai,20379,Petrol,1,2020,1377199
Ford Ecosport ,Pune,42837,Petrol,2,2017,772799
Hyundai Elite i20,Chennai,67473,Petrol,2,2016,572599
Honda City V,Bangalore,27576,Petrol,1,2016,774899
Maruti Suzuki S,Pune,80900,Diesel,2,2017,885099
Hyundai Elite i20,Bangalore,100934,Diesel,2,2017,687499
Hyundai Elite i20,Bangalore,29060,Petrol,2,2015,567799
Hyundai i10 Magna,Chennai,36129,Petrol,2,2016,398499
Maruti Suzuki Swift,Pune,156442,Diesel,2,2011,348499
Maruti Suzuki Wagon,Chennai,48710,Petrol,2,2018,520899
Ford Figo Diesel,Bangalore,80000,Diesel,0,2012,225000
Honda City SV,Bangalore,57000,Petrol,0,2015,725000
Honda CRV ,Hyderabad,97000,LPG,0,2004,240000
Honda Amaze 1.2,Pune,44000,Petrol,0,2013,425000
Maruti Suzuki Swift,Pune,57000,Petrol,0,2015,500000
Maruti Suzuki Swift,Pune,77000,Petrol,0,2008,250000
Maruti Suzuki Ritz,Pune,81000,Petrol,0,2013,360000
Hyundai Creta 1.6,Pune,41000,Petrol,0,2016,975000
Ford Ecosport ,Pune,20619,Petrol,2,2018,916799
Maruti Suzuki Wagon,Pune,51149,Petrol+CNG,2,2018,480999
Tata Nexon ,Bangalore,12978,Petrol,1,2020,1043299
Honda City V,Bangalore,40025,Petrol,1,2016,787399
Hyundai Grand i10,Bangalore,63075,Petrol,2,2016,501599
Honda Brio ,Chennai,78724,Petrol,2,2012,362999
Renault Kwid ,Pune,12257,Petrol,2,2018,403199
Hyundai Venue ,Bangalore,26890,Diesel,2,2019,1022599
Nissan Micra Active,Chennai,20485,Petrol,2,2018,483199
Hyundai EON Era,Chennai,69220,Petrol,2,2017,321399
Maruti Suzuki Alto,Chennai,41900,Petrol,2,2017,307999
Maruti Suzuki Eeco,Bangalore,11944,Petrol,2,2019,478599
Maruti Suzuki Wagon,Chennai,66143,Petrol,2,2015,405199
Maruti Suzuki Alto,Chennai,16563,Petrol,2,2018,314999
Hyundai Elite i20,Pune,14460,Petrol,2,2016,684599
Maruti Suzuki Alto,Bangalore,47120,Petrol,2,2018,413099
Chevrolet Cruze LTZ,Bangalore,115000,Diesel,0,2011,345000
Renault Scala RxZ,Bangalore,79200,Diesel,0,2013,385000
Hyundai Verna 1.6,Chennai,48877,Diesel,0,2016,690000
Honda WRV VX,Mumbai,32000,Petrol,0,2019,825000
Toyota Corolla Altis,Mumbai,51000,Petrol,0,2018,1425000
Maruti Suzuki Alto,Udaipur,56000,Petrol,0,2014,295000
Tata Tiago Revotorq,Pune,14000,Petrol,0,2022,700000
Chevrolet Aveo ,Chennai,79000,Petrol,0,2006,69000
Maruti Suzuki Swift,Chennai,147960,Diesel,2,2016,501199
Maruti Suzuki Wagon,Pune,38766,Petrol,2,2014,357399
Maruti Suzuki Eeco,Bangalore,8409,Petrol,2,2019,494199
Renault Kwid RxL,Bangalore,20718,Petrol,2,2019,424099
Maruti Suzuki Baleno,Chennai,51125,Petrol,1,2017,598299
Hyundai Grand i10,Bangalore,64459,Petrol,1,2014,477599
Maruti Suzuki Swift,Pune,29467,Petrol,1,2014,447599
Tata Nexon ,Pune,18019,Petrol,1,2017,703999
Maruti Suzuki Celerio,Chennai,40710,Petrol,2,2016,416099
Maruti Suzuki S,Chennai,1956,Petrol,2,2021,559099
Renault Kwid ,Bangalore,44696,Petrol,0,2017,463099
Hyundai Grand i10,Bangalore,21531,Petrol,3,2018,527099
Kia Seltos ,Pune,20989,Petrol,2,2019,1517999
Hyundai i20 ,Chennai,33901,Petrol,1,2013,431099
Hyundai Grand i10,Chennai,54696,Petrol,2,2018,539799
Renault Duster 110,Pune,14000,Diesel,0,2020,1025000
Mahindra Logan ,Chennai,97000,Diesel,0,2007,129000
Tata Indigo CS,Chennai,85000,Diesel,0,2007,79000
Ford EcoSport Trend,Pune,50000,Diesel,0,2014,525000
Honda Jazz VX,Pune,53000,Petrol,0,2016,565000
Maruti Suzuki Wagon,Pune,27000,Petrol,0,2016,435000
Maruti Suzuki Wagon,Pune,52000,Petrol,0,2016,425000
Honda City ZX,Chennai,149000,Petrol,0,2007,250000
Hyundai Grand i10,Bangalore,27317,Petrol,2,2017,616599
Hyundai Xcent ,Bangalore,79784,Petrol,2,2014,466599
Audi Q3 ,Chennai,73656,Diesel,1,2015,1656999
Tata Tiago ,Bangalore,27664,Petrol,1,2018,562999
Hyundai Verna FLUIDIC,Bangalore,41898,Petrol,2,2012,488899
Maruti Suzuki S,Chennai,4889,Petrol,2,2021,514599
Hyundai Grand i10,Chennai,39836,Petrol,1,2015,495299
Honda Jazz ,Bangalore,16108,Petrol,2,2016,752399
Hyundai Grand i10,Bangalore,46111,Petrol,2,2015,474799
Maruti Suzuki Ciaz,Bangalore,23761,Petrol,2,2018,849599
Maruti Suzuki S,Bangalore,146782,Diesel,1,2016,663199
Hyundai Grand i10,Bangalore,26597,Petrol,1,2016,566699
Maruti Suzuki Eeco,Chennai,12323,Petrol,2,2018,471199
Renault Kwid RXL,Bangalore,3230,Petrol,1,2017,385499
Maruti Suzuki Swift,Chennai,62059,Petrol,3,2016,491599
Maruti Suzuki Baleno,Bangalore,28188,Petrol,2,2019,725699
Maruti Suzuki Wagon,Pune,55000,Petrol,0,2013,350000
Maruti Suzuki SX4,Pune,79000,Petrol,0,2009,210000
Tata Tiago XZA,Pune,55000,Petrol,0,2017,460000
BMW 5 Series,NaviMumbai,49000,Petrol,3,2010,990000
Tata Indica Vista,Bangalore,56000,Petrol,0,2009,190000
Maruti Suzuki Ertiga,Pune,83000,Petrol,0,2014,625000
Maruti Suzuki Baleno,Chennai,39226,Petrol,0,2016,590000
Maruti Suzuki Swift,Chennai,33901,Petrol,0,2019,740000
Hyundai Grand i10,Bangalore,32877,Petrol,2,2019,640099
Maruti Suzuki Ignis,Chennai,17283,Petrol,2,2019,575099
Maruti Suzuki Ertiga,Bangalore,86033,Diesel,1,2018,1081899
Volkswagen Polo ,Bangalore,17419,Petrol,2,2018,726399
Maruti Suzuki Eeco,Bangalore,24416,Petrol,2,2019,480399
Renault Kwid RxL,Bangalore,26700,Petrol,2,2017,369599
Maruti Suzuki Swift,Bangalore,28979,Petrol,1,2014,451399
Maruti Suzuki Eeco,Bangalore,27150,Petrol,1,2019,494099
Ford EcoSport ,Bangalore,3195,Petrol,1,2020,1240899
Hyundai Eon Era,Bangalore,26761,Petrol,1,2013,286199
Hyundai Grand i10,Bangalore,71992,Petrol,2,2017,509399
Maruti Suzuki Alto,Bangalore,27239,Petrol,2,2016,378099
Honda Jazz ,Chennai,36244,Petrol,2,2016,586699
Maruti Suzuki Vitara,Pune,69807,Diesel,2,2019,906899
Maruti Suzuki Vitara,Pune,31803,Diesel,2,2019,882199
Honda Jazz ,Bangalore,92373,Petrol,1,2015,507999
Toyota Etios GD,Gurgaon,200000,Diesel,0,2013,240000
Ford EcoSport Titanium,Bangalore,46000,Diesel,0,2016,825000
Hyundai Creta 1.6,Bangalore,72000,Diesel,0,2017,0
Toyota Innova 2.5,Bangalore,179000,Diesel,0,2011,845000
Hyundai Grand i10,Bangalore,59000,Petrol,0,2016,475000
Hyundai Creta 1.6,Bangalore,72000,Diesel,0,2017,1325000
Hyundai Creta 1.6,Bangalore,56000,Diesel,0,2017,1245000
Mahindra XUV 500,Bangalore,87000,Diesel,0,2014,975000
Maruti Suzuki Vitara,Pune,59612,Diesel,2,2016,782999
Ford Ecosport ,Bangalore,30212,Petrol,2,2014,623399
Maruti Suzuki Ignis,Chennai,18113,Petrol,2,2018,548699
Maruti Suzuki Alto,Bangalore,48435,Petrol,2,2018,397099
Maruti Suzuki Wagon,Bangalore,29297,Petrol,1,2015,392099
Maruti Suzuki Wagon,Bangalore,53525,Petrol,2,2012,354599
Honda Amaze ,Bangalore,15890,Petrol,1,2018,719599
Honda WR V,Bangalore,31694,Petrol,1,2019,834099
Maruti Suzuki Alto,Chennai,36279,Petrol,2,2017,365899
Hyundai i10 Sportz,Chennai,33349,Petrol,1,2015,400899
Toyota Etios Liva,Chennai,103182,Petrol,1,2012,320199
Hyundai Xcent S,Chennai,63048,Petrol,2,2016,457399
Maruti Suzuki Baleno,Chennai,26358,Petrol,2,2017,717699
Maruti Suzuki Wagon,Chennai,18932,Petrol,1,2017,417299
Maruti Suzuki Alto,Pune,20369,Petrol,2,2018,323199
Honda Jazz 1.2,Bangalore,58769,Petrol,1,2016,633999
Ford EcoSport Trend,Pune,52000,Diesel,0,2016,600000
Volkswagen Polo Highline,Bangalore,15000,Petrol,0,2019,795000
Maruti Suzuki Vitara,Pune,70000,Diesel,0,2019,1000000
Hyundai i20 Asta,Pune,52000,Petrol,0,2012,385000
Hyundai i20 Asta,Pune,32000,Petrol,0,2013,395000
Toyota Fortuner 3.0,Chennai,155000,Diesel,0,2015,1750000
Maruti Suzuki Swift,Chennai,50000,Petrol,0,2017,600000
Mahindra Verito Executive,Kurnool,120000,Diesel,0,2015,330000
Hyundai Creta 1.6,Chennai,123920,Diesel,1,2017,875999
Hyundai EON ,Pune,17900,Petrol,3,2016,309399
Maruti Suzuki Baleno,Bangalore,31041,Petrol,1,2017,658999
Maruti Suzuki Wagon,Chennai,61875,Petrol,2,2018,514099
Hyundai Elite i20,Chennai,29210,Petrol,2,2016,672899
Mahindra TUV300 ,Pune,35826,Diesel,1,2016,620099
Ford Freestyle ,Bangalore,29364,Petrol,2,2019,733999
Renault Triber ,Chennai,16304,Petrol,1,2021,664699
Maruti Suzuki Swift,Chennai,95731,Petrol,2,2015,454299
Maruti Suzuki Swift,Bangalore,31011,Petrol,2,2010,357499
Maruti Suzuki Swift,Pune,30601,Petrol,1,2014,447599
Maruti Suzuki S,Bangalore,14568,Petrol,1,2019,422299
Toyota Etios V,Bangalore,89559,Petrol,2,2012,449699
Hyundai Grand i10,Bangalore,48834,Petrol,2,2014,493499
Hyundai Elite i20,Chennai,74190,Diesel,2,2014,605699
Ford EcoSport Titanium,Bangalore,43077,Petrol,2,2016,755099
Maruti Suzuki Swift,Chennai,58000,Petrol,0,2015,490000
Honda City 1.5,Chennai,99000,Petrol,0,2011,450000
Tata Indigo CS,Bangalore,88500,Diesel,0,2009,160000
Chevrolet Beat LT,Bangalore,85000,Diesel,0,2012,215000
Honda City ZX,Pune,29000,Petrol,0,2019,1150000
Maruti Suzuki Wagon,Bangalore,65000,Petrol,0,2015,349000
MG Motors Hector,Surat,16000,Petrol,1,2020,1401000
MG Motors Hector,Ahmedabad,16000,Petrol,1,2020,1401000
Maruti Suzuki Eeco,Bangalore,17981,Petrol,2,2018,432699
Maruti Suzuki Eeco,Chennai,20780,Petrol,2,2018,418599
Maruti Suzuki Alto,Chennai,56719,Petrol,2,2014,275799
Maruti Suzuki Wagon,Bangalore,31108,Petrol,2,2015,456199
Honda City ,Chennai,33611,Petrol,2,2016,728499
Maruti Suzuki Alto,Chennai,43700,Petrol,2,2019,431599
Maruti Suzuki Ignis,Pune,49920,Petrol,2,2017,533099
Maruti Suzuki Swift,Bangalore,57338,Petrol,1,2014,451399
Hyundai Venue S,Bangalore,23096,Petrol,1,2020,840699
Maruti Suzuki Swift,Chennai,48732,Petrol,1,2016,486499
Honda City ,Pune,67924,Petrol,1,2012,450199
Maruti Suzuki Wagon,Chennai,30418,Petrol,2,2014,418999
Honda City ,Chennai,50593,Petrol,2,2014,621299
Hyundai i20 Active,Chennai,136381,Petrol,2,2016,508399
Maruti Suzuki Celerio,Pune,46943,Petrol,2,2015,390999
Maruti Suzuki Swift,Bangalore,36277,Petrol,2,2017,675099
BMW X5 xDrive30d,Madurai,110000,Diesel,0,2014,3600000
Kia Seltos HTX,Surat,5600,Diesel,1,2021,1501000
Maruti Suzuki Swift,Madurai,44000,Diesel,0,2019,825000
Maruti Suzuki Ertiga,Madurai,40000,Petrol,0,2019,1100000
Kia Seltos HTX,Ahmedabad,5600,Diesel,1,2021,1501000
Maruti Suzuki Wagon,Ahmedabad,45000,Petrol,2,2007,130000
Toyota Etios GD,Chennai,150000,Diesel,0,2012,325000
Tata Indigo CS,Chennai,90000,Diesel,0,2016,210000
Hyundai Xcent ,Chennai,70359,Diesel,2,2015,464199
Hyundai EON Era,Chennai,42205,Petrol,2,2017,343999
Nissan Micra ,Chennai,60539,Petrol,2,2015,441499
Maruti Suzuki Dzire,Bangalore,16533,Petrol,2,2019,684999
Volkswagen Polo ,Pune,26596,Petrol,2,2017,815399
Hyundai Grand i10,Pune,30912,Petrol,2,2016,468999
Hyundai Venue ,Bangalore,17951,Diesel,2,2019,1194799
Volkswagen Polo ,Bangalore,36928,Petrol,2,2015,599899
Maruti Suzuki Dzire,Bangalore,22854,Petrol,2,2018,710199
Hyundai i20 ,Bangalore,89156,Petrol,1,2014,474399
Maruti Suzuki Baleno,Chennai,41999,Petrol,2,2019,701399
Honda City ,Chennai,66145,Petrol,2,2017,834599
Maruti Suzuki Alto,Bangalore,29157,Petrol,2,2017,333699
Hyundai EON Era,Chennai,33882,Petrol,2,2017,349799
Hyundai EON Era,Bangalore,29379,Petrol,2,2013,286199
Maruti Suzuki Alto,Bangalore,17352,Petrol,2,2019,386699
Toyota Fortuner 3.0,Chennai,195000,Diesel,0,2011,1050000
Maruti Suzuki Swift,Chennai,16189,Petrol,0,2020,695000
Maruti Suzuki Swift,Chennai,41341,Diesel,0,2018,695000
Tata Tiago Revotorq,Pune,62000,Diesel,0,2019,550000
Maruti Suzuki Celerio,Chennai,32000,Petrol,1,2019,0
Hyundai Creta 1.6,Delhi,19000,Diesel,1,2021,1300000
Maruti Suzuki Ritz,Jaipur,56000,Petrol,0,2011,225000
Maruti Suzuki Wagon,Chennai,91000,Petrol,0,2010,250000
Renault Triber ,Bangalore,13486,Petrol,1,2019,659199
Hyundai Grand i10,Chennai,33562,Petrol,2,2018,572599
Hyundai Verna ,Pune,13691,Petrol,2,2018,1171199
Hyundai Grand i10,Bangalore,31980,Petrol,2,2017,557199
Hyundai Grand i10,Chennai,69526,Petrol,2,2016,531399
Maruti Suzuki Alto,Bangalore,21492,Petrol,2,2016,426199
Maruti Suzuki Celerio,Chennai,47425,Petrol,1,2016,432999
Hyundai Grand i10,Pune,40988,Petrol,2,2016,458399
Jeep Compass ,Chennai,51983,Diesel,2,2018,1465199
Maruti Suzuki Vitara,Pune,69376,Diesel,2,2018,783099
Maruti Suzuki Swift,Chennai,33094,Petrol,2,2017,562399
Tata Tiago ,Bangalore,26237,Petrol,3,2017,529199
Honda Brio ,Bangalore,42415,Petrol,1,2015,447199
Hyundai Creta ,Pune,112308,Diesel,2,2016,944099
Maruti Suzuki Celerio,Bangalore,61427,Petrol,1,2017,452099
Maruti Suzuki Alto,Chennai,67000,Petrol,0,2011,179000
Toyota Innova 2.5,Chennai,160000,Diesel,0,2010,775000
Maruti Suzuki Ertiga,Kolkata,53000,Diesel,0,2013,425000
Maruti Suzuki Swift,Hyderabad,59888,Petrol,0,2017,550000
Maruti Suzuki Ciaz,Hyderabad,58492,Petrol,1,2018,795000
Honda City 1.5,Kolkata,45000,Petrol,1,2011,350888
Maruti Suzuki Swift,Kolkata,48000,Diesel,0,2012,275000
Tata Nexon XZ,Chennai,34000,Petrol,0,2018,890000
Maruti Suzuki Swift,Chennai,75691,Diesel,2,2017,580599
Maruti Suzuki Alto,Chennai,84301,Petrol,3,2013,223299
Tata Tiago ,Bangalore,38346,Petrol,2,2019,600399
Maruti Suzuki Alto,Chennai,41530,Petrol,2,2017,367399
Ford Ecosport ,Pune,23049,Petrol,2,2017,704099
Maruti Suzuki Wagon,Bangalore,74510,Petrol,1,2016,377899
Maruti Suzuki Wagon,Bangalore,20141,Petrol,2,2016,458699
Ford Ecosport ,Chennai,85860,Petrol,2,2015,566199
Maruti Suzuki Swift,Pune,63133,Diesel,1,2017,594599
Maruti Suzuki Dzire,Bangalore,71894,Petrol,2,2018,678699
Renault Duster ,Bangalore,95627,Diesel,2,2017,883099
Ford Ecosport ,Pune,75324,Diesel,2,2014,578099
Maruti Suzuki Alto,Pune,64611,Petrol,2,2015,305899
Maruti Suzuki Celerio,Bangalore,77128,Petrol,3,2016,457399
Maruti Suzuki Alto,Bangalore,36306,Petrol,1,2016,316799
Hyundai i20 Asta,Bangalore,83803,Petrol,1,2011,399999
Mahindra XUV 500,Mumbai,44000,Diesel,1,2018,1100000
Mahindra KUV100 K4,Chennai,108000,Diesel,0,2018,325000
Hyundai i20 Era,Chennai,55000,Diesel,0,2018,550000
Honda City 1.5,Kolkata,700,Petrol,1,2020,990888
Mahindra Jeep CL,Ahmedabad,25,Diesel,0,2020,480000
Maruti Suzuki Gypsy,Hyderabad,258,Petrol,0,2018,500000
Maruti Suzuki Swift,Chennai,81152,Diesel,0,2011,390000
Toyota Fortuner 3.0,Chennai,155000,Diesel,0,2015,1750000
Hyundai Creta 1.6,Chennai,75398,Petrol,2,2017,841499
Honda City ZX,Bangalore,42317,Petrol,1,2017,1016899
Maruti Suzuki Swift,Bangalore,60214,Diesel,2,2018,748599
Maruti Suzuki Swift,Pune,58861,Diesel,2,2017,622099
Volkswagen Polo ,Pune,27995,Petrol,2,2016,530699
Maruti Suzuki Celerio,Bangalore,61018,Petrol,2,2017,471899
Maruti Suzuki Swift,Chennai,67109,Petrol,2,2015,505399
Maruti Suzuki Wagon,Chennai,81811,Petrol,2,2017,460299
Hyundai Verna 1.6,Pune,27357,Petrol,1,2017,683999
Volkswagen Polo HIGHLINE1.2L,Bangalore,53293,Petrol,3,2018,639699
Maruti Suzuki Celerio,Bangalore,45260,Petrol,2,2017,510499
Hyundai Venue ,Pune,3139,Petrol,2,2019,1185499
Maruti Suzuki Celerio,Bangalore,44690,Petrol,1,2017,471899
Hyundai Santro ASTA,Bangalore,13858,Petrol,1,2019,579899
Maruti Suzuki Alto,Bangalore,25256,Petrol,2,2017,333699
Hyundai i20 Magna,Bangalore,94000,Diesel,0,2012,385000
Maruti Suzuki Ciaz,Delhi,44100,Hybrid,1,2016,590000
Honda Amaze 1.2,Kolkata,47000,Petrol,1,2016,375888
Hyundai Santa Fe,Mumbai,126000,Diesel,0,2012,775000
Mahindra XUV 500,Kolkata,46000,Diesel,1,2015,778888
Audi Q5 2.0,Mumbai,75000,Diesel,0,2014,1850000
Volvo XC60 D3,Mumbai,86000,Diesel,2,2012,1750000
Volkswagen Polo COMFORTLINE,Bangalore,15227,Petrol,1,2017,582899
Volkswagen Polo ,Chennai,87375,Diesel,1,2014,414099
Maruti Suzuki Eeco,Chennai,7679,Petrol,2,2020,516599
Maruti Suzuki Alto,Bangalore,48378,Petrol,1,2016,366299
Maruti Suzuki Wagon,Chennai,54645,Petrol,1,2014,375899
Maruti Suzuki Eeco,Chennai,7211,Petrol,1,2019,493899
Datsun Redi GO,Bangalore,37217,Petrol,2,2017,311399
Maruti Suzuki Eeco,Chennai,32372,Petrol,1,2019,493899
Maruti Suzuki Wagon,Chennai,37947,Petrol,2,2018,501999
Hyundai Grand i10,Pune,51886,Petrol,2,2014,409399
Toyota Innova Crysta,Pune,43187,Diesel,2,2018,1737899
Hyundai i20 Active,Pune,33616,Diesel,1,2015,583999
Volkswagen Vento ,Chennai,91087,Diesel,1,2015,654299
Ford Ecosport ,Bangalore,26372,Petrol,2,2018,986699
Maruti Suzuki Celerio,Bangalore,58762,Petrol,1,2014,414199
Hyundai Elite i20,Chennai,101920,Diesel,2,2016,588099
Maruti Suzuki Swift,Jaipur,44000,Petrol,0,2014,490000
Mahindra Scorpio 2.6,Jaipur,85000,Diesel,0,2007,225000
Maruti Suzuki Vitara,Jaipur,64000,Diesel,0,2017,775000
Kia Sonet ,Jaipur,13000,Diesel,0,2021,1050000
Honda Amaze 1.5,Jaipur,76000,Diesel,0,2015,425000
Maruti Suzuki Alto,Jaipur,45000,Petrol,0,2015,275000
Tata Nexon XZ,Jaipur,63088,Diesel,0,2019,875000
Maruti Suzuki Alto,Chennai,54123,Petrol,0,2013,250000
Hyundai i20 Active,Pune,35140,Petrol,2,2015,567399
Maruti Suzuki Ciaz,Pune,50842,Diesel,2,2018,805099
Honda Amaze ,Pune,43412,Petrol,1,2015,492199
Honda Jazz ,Pune,46201,Petrol,1,2016,495799
Maruti Suzuki S,Bangalore,63626,Diesel,2,2017,1113599
Maruti Suzuki Alto,Chennai,18251,Petrol,1,2016,299999
Maruti Suzuki Baleno,Chennai,41019,Petrol,2,2016,592099
Renault Kwid RXT,Chennai,46463,Petrol,1,2015,322299
Renault Kwid ,Bangalore,20110,Petrol,2,2017,481999
Hyundai Grand i10,Pune,17364,Petrol,2,2016,534599
Maruti Suzuki Celerio,Bangalore,35109,Petrol,2,2016,429599
Honda Amaze ,Chennai,44266,Petrol,2,2018,723799
Volkswagen Polo ,Chennai,39156,Petrol,2,2017,563299
Maruti Suzuki Alto,Pune,57993,Petrol,3,2011,214199
Maruti Suzuki Alto,Bangalore,51573,Petrol,2,2015,319399
Fiat Punto Emotion,Pune,88000,Petrol,0,2011,180000
Hyundai i20 Sportz,Pune,67000,Petrol,0,2014,415000
Maruti Suzuki Swift,Pune,73000,Diesel,0,2011,350000
Hyundai Elite i20,Kolkata,39000,Petrol,0,2015,430000
Mahindra XUV 500,Thane,87500,Diesel,0,2012,450000
Honda Accord 2.4,Bhubaneswar,86000,Petrol,0,2006,325000
Hyundai Grand i10,Bangalore,19900,Petrol,0,2017,565000
Nissan Terrano XV,Madurai,22000,Diesel,0,2013,880000
Maruti Suzuki Vitara,Bangalore,78329,Diesel,2,2016,810399
Maruti Suzuki Ertiga,Chennai,61977,Diesel,1,2016,788999
Mahindra KUV100 K6,Bangalore,58640,Diesel,1,2016,508799
Renault Kwid ,Bangalore,40650,Petrol,1,2018,457099
Volkswagen Polo ,Bangalore,19121,Petrol,2,2019,612899
Ford Ecosport ,Chennai,85893,Diesel,2,2016,684099
Renault Triber ,Chennai,9874,Petrol,2,2019,716699
Hyundai Grand i10,Bangalore,25202,Petrol,1,2016,501599
Hyundai Grand i10,Chennai,95999,Petrol,2,2016,509699
Maruti Suzuki Alto,Bangalore,49074,Petrol,2,2014,337799
Hyundai Verna 1.6,Pune,52439,Petrol,2,2017,852399
Mahindra XUV 500,Bangalore,10813,Diesel,1,2020,1784699
Hyundai Creta ,Chennai,127971,Petrol,2,2016,778199
Maruti Suzuki Swift,Chennai,114108,Diesel,2,2018,705099
Hyundai Grand i10,Chennai,52030,Diesel,2,2017,557599
Mahindra XUV 500,Pune,44721,Diesel,2,2018,1518099
Mahindra Marazzo M6,Madurai,50000,Diesel,0,2018,1190000
Skoda Laura Ambition,Madurai,95000,Diesel,0,2011,590000
Tata Harrier XZ,Madurai,17000,Diesel,0,2020,1980000
Mahindra XUV 500,Chennai,52500,Diesel,0,2018,1350000
BMW 5 Series,NaviMumbai,49000,Petrol,3,2010,1059000
Maruti Suzuki Alto,Kolkata,55000,Petrol,1,2011,185000
Mahindra Scorpio 2.6,Chennai,81500,Diesel,0,2014,710000
Mercedes Benz E,Kolkata,10000,Diesel,1,2013,1948888
Tata Harrier ,Bangalore,22667,Diesel,2,2020,2272499
Honda City ,Bangalore,68519,Petrol,1,2014,626199
Tata Nano ,Bangalore,64011,Petrol,1,2015,236099
Maruti Suzuki Alto,Bangalore,13598,Petrol,1,2021,430499
Maruti Suzuki Wagon,Bangalore,47037,Petrol,2,2014,442799
Hyundai Creta ,Pune,69711,Petrol,2,2018,1373699
Hyundai Elite i20,Pune,49189,Petrol,2,2015,589299
Maruti Suzuki Alto,Chennai,18368,Petrol,1,2016,298199
Tata Harrier ,Pune,16874,Diesel,2,2020,1508799
Maruti Suzuki Eeco,Bangalore,24484,Petrol,2,2019,473699
Maruti Suzuki Baleno,Chennai,20688,Petrol,2,2019,656299
Maruti Suzuki Alto,Chennai,24065,Petrol,2,2016,345799
Hyundai Grand i10,Chennai,22609,Petrol,2,2018,584599
Skoda Rapid ,Pune,56523,Diesel,2,2017,786799
Hyundai Elite i20,Chennai,48031,Petrol,2,2018,624799
Hyundai Grand i10,Chennai,45578,Petrol,1,2016,472399
Hyundai Fluidic Verna,Kolkata,70070,Diesel,1,2012,408888
Hyundai i10 Magna,Kolkata,28000,Petrol,1,2015,288888
Chevrolet Sail 1.2,Kolkata,30030,Diesel,1,2013,198888
Ford Endeavor 4X4,Kolkata,25000,Diesel,1,2011,898888
BMW 3 Series,Kolkata,8000,Diesel,1,2013,1148888
Chevrolet Spark ,Chennai,53000,Petrol,0,2010,79000
Honda City ,Chennai,68000,Petrol,0,2007,97000
Hyundai Santro GLS,Pune,58000,Petrol,0,2007,135000
Hyundai Elite i20,Bangalore,28648,Petrol,1,2016,687199
Hyundai i10 Magna,Bangalore,59819,Petrol,2,2015,387099
Maruti Suzuki Baleno,Chennai,19574,Petrol,2,2018,650599
Tata Hexa ,Chennai,46337,Diesel,2,2019,1705799
Volkswagen Polo ,Bangalore,73563,Petrol,1,2015,526899
Honda Jazz ,Chennai,51428,Petrol,2,2016,612799
Maruti Suzuki Alto,Chennai,95754,Petrol,2,2016,269099
Tata Hexa ,Chennai,34533,Diesel,2,2019,1952199
Maruti Suzuki Baleno,Chennai,50154,Petrol,2,2016,646299
Maruti Suzuki Celerio,Bangalore,23492,Petrol,2,2016,425899
Maruti Suzuki Celerio,Bangalore,37739,Petrol,2,2017,496399
Maruti Suzuki Celerio,Bangalore,46178,Petrol,3,2015,393799
Maruti Suzuki Baleno,Chennai,42893,Petrol,1,2017,619599
Maruti Suzuki Alto,Pune,57875,Petrol+CNG,2,2019,423599
Hyundai Venue ,Pune,4832,Petrol,2,2020,831999
Renault Triber ,Chennai,27805,Petrol,2,2019,695099
Hyundai Xcent S,Ahmedabad,71000,Diesel,1,2014,390000
Toyota Fortuner 3.0,Chennai,140000,Diesel,0,2013,1350000
Toyota Innova 2.5,Chennai,70000,Diesel,0,2014,1350000
Honda City ZX,Chennai,75000,Petrol,0,2008,250000
Maruti Suzuki Alto,Pune,57000,Petrol,0,2009,145000
Maruti Suzuki Vitara,Pune,57000,Diesel,0,2018,980000
Hyundai Creta 1.4,Pune,91000,Diesel,0,2018,980000
Hyundai i10 Sportz,Nagpur,86000,Petrol,0,2009,195000
Maruti Suzuki Alto,Chennai,68844,Petrol,2,2013,261499
Honda Jazz ,Chennai,37070,Petrol,1,2017,649699
Hyundai Grand i10,Pune,20393,Petrol,2,2017,494099
Maruti Suzuki Alto,Pune,22244,Petrol,2,2017,313399
Toyota Fortuner ,Chennai,47024,Diesel,1,2016,2122099
Hyundai Elite i20,Chennai,64707,Petrol,2,2015,552799
Ford Ecosport ,Pune,52149,Petrol,2,2013,490099
Hyundai Grand i10,Pune,11203,Petrol,2,2017,638599
Maruti Suzuki Alto,Pune,18071,Petrol,2,2015,374799
Hyundai Elite i20,Chennai,81412,Petrol,2,2016,517499
Maruti Suzuki Swift,Chennai,41912,Petrol,2,2016,553899
Maruti Suzuki Swift,Chennai,32516,Petrol,2,2016,579199
Hyundai Grand i10,Bangalore,41552,Petrol,2,2015,531999
Hyundai Grand i10,Chennai,21790,Petrol,1,2018,496199
Maruti Suzuki Baleno,Chennai,34010,Petrol,2,2019,659099
Hyundai Elite i20,Chennai,50050,Petrol,2,2016,534799
Maruti Suzuki Ertiga,Chennai,2000,Petrol,0,2019,950000
Maruti Suzuki Swift,Nagpur,71000,Petrol,0,2010,265000
Hyundai i20 Asta,Chennai,52000,Diesel,0,2015,650000
Maruti Suzuki Swift,Chennai,35000,Petrol,0,2018,650000
Renault Kwid RXT,Chennai,41000,Petrol,0,2016,290000
Tata Indigo LX,Bangalore,125000,Diesel,0,2003,74999
Maruti Suzuki Alto,Bangalore,85000,Petrol,0,2006,155000
Chevrolet Optra ,Chennai,85000,Petrol,0,2005,69000
Maruti Suzuki Wagon,Chennai,75822,Petrol,1,2011,298599
Tata Tiago ,Bangalore,28589,Petrol,1,2016,490199
Renault Kwid ,Bangalore,15883,Petrol,2,2017,422999
Hyundai Elite i20,Chennai,63648,Petrol,1,2016,656399
Maruti Suzuki Vitara,Pune,156931,Diesel,2,2016,688599
Maruti Suzuki XL6,Pune,13829,Petrol,2,2019,1113299
Maruti Suzuki Baleno,Pune,28361,Petrol,1,2016,608399
Hyundai Grand i10,Chennai,77960,Petrol,1,2017,587399
Maruti Suzuki Celerio,Bangalore,33473,Petrol,2,2015,449699
Maruti Suzuki Eeco,Chennai,29052,Petrol,2,2019,464899
Maruti Suzuki Alto,Chennai,68041,Petrol,2,2017,302699
Maruti Suzuki Baleno,Bangalore,61361,Petrol,2,2015,583299
Honda BRV ,Bangalore,32218,Petrol,2,2018,877999
Hyundai i10 Magna,Chennai,28579,Petrol,1,2016,398499
Hyundai Grand i10,Chennai,51343,Petrol,2,2017,529399
Honda City 1.5,Hyderabad,86868,Petrol,0,2016,700000
Hyundai Accent ,Chennai,85000,Petrol,0,2002,79000
Maruti Suzuki Swift,Chennai,77000,Petrol,0,2012,390000
Honda City V,Chennai,35500,Petrol,1,2017,950000
Toyota Glanza G,Chennai,19942,Petrol,0,2019,725000
Hyundai i20 Sportz,Bangalore,16000,Petrol,1,2012,439000
Renault Kwid RxL,Bangalore,17357,Petrol,2,2019,422299
Ford Figo Aspire,Bangalore,14517,Petrol,2,2017,589999
Maruti Suzuki Baleno,Chennai,13517,Petrol,1,2017,661299
Maruti Suzuki Wagon,Chennai,42302,Petrol,1,2017,429099
Maruti Suzuki Celerio,Chennai,65783,Petrol,2,2015,389399
Renault Lodgy ,Chennai,138716,Diesel,2,2015,629799
Hyundai i10 Sportz,Bangalore,43339,Petrol,1,2013,397299
Maruti Suzuki Ignis,Pune,19526,Petrol,2,2018,546399
Maruti Suzuki Alto,Bangalore,25673,Petrol,1,2016,412999
Maruti Suzuki Celerio,Chennai,93304,Petrol,2,2016,402799
Hyundai Creta ,Chennai,94409,Diesel,2,2019,915699
Maruti Suzuki Celerio,Chennai,66799,Petrol,0,2014,361499
Hyundai EON ,Chennai,27339,Petrol,2,2016,357899
Renault Kwid ,Pune,9095,Petrol,2,2018,475399
Maruti Suzuki Eeco,Bangalore,21934,Petrol,1,2019,485299
Maruti Suzuki Baleno,Bangalore,51706,Petrol,2,2016,643599
Honda City ZX,Dwarka,54000,CNG,1,2018,1069999
Honda City ZX,GirSomnath,54000,CNG,1,2018,1069999
Honda City ZX,Anand,54000,CNG,1,2018,1069999
Hyundai i20 Asta,Chennai,90000,Petrol,0,2009,255000
Tata Hexa ,Muzaffarnagar,85000,Diesel,0,2019,1500000
Mahindra XUV 500,Jaipur,89000,Diesel,0,2014,650000
Hyundai Santro Xing,Jaipur,45000,Petrol,0,2010,175000
Honda WRV VX,Kolkata,34000,Petrol,1,2018,735000
Maruti Suzuki Wagon,Pune,31281,Petrol,1,2018,438199
Honda City ,Bangalore,46312,Petrol,2,2019,924599
Hyundai Elite i20,Chennai,32989,Petrol,1,2018,664099
Renault Kwid ,Bangalore,50599,Petrol,2,2018,462299
Honda Brio ,Bangalore,26127,Petrol,2,2016,438499
Maruti Suzuki Vitara,Bangalore,58118,Diesel,2,2016,680999
Maruti Suzuki Alto,Chennai,23534,Petrol,2,2019,393199
Maruti Suzuki Baleno,Chennai,58978,Petrol,2,2018,646799
Maruti Suzuki Wagon,Pune,33103,Petrol,1,2014,349999
Maruti Suzuki Eeco,Bangalore,14600,Petrol,2,2018,419599
Maruti Suzuki Baleno,Pune,26049,Petrol,2,2016,585099
Ford Freestyle ,Bangalore,33895,Diesel,1,2018,627799
Volkswagen Polo ,Bangalore,32893,Petrol,2,2017,520799
Maruti Suzuki Swift,Chennai,61717,Petrol,3,2013,410199
Maruti Suzuki Wagon,Chennai,82334,Petrol,2,2017,404399
Hyundai Verna ,Chennai,87381,Petrol,2,2017,682799
Land Rover Range,Chennai,51000,Diesel,0,2017,4490000
Honda City ZX,Delhi,85000,Petrol,0,2008,150000
Porsche Cayenne Select,Mumbai,38000,Electric,1,2011,3300000
Toyota Innova 2.5,Bangalore,210000,Diesel,1,2013,1175000
Maruti Suzuki Ciaz,Bangalore,24200,Petrol,0,2019,975000
MG Motors Hector,Trichy,28000,Diesel,0,2021,2000000
Mahindra Bolero SLE,Kolkata,62000,Petrol,0,2015,0
Mahindra Bolero ZLX,Trichy,135000,Diesel,0,2012,535000
Ford Ecosport ,Pune,34642,Petrol,2,2019,1045799
Maruti Suzuki Swift,Chennai,154104,Petrol,2,2013,410199
Maruti Suzuki Alto,Chennai,61826,Petrol,2,2016,297299
Tata Nexon ,Pune,44751,Diesel,2,2018,980199
Honda Jazz ,Chennai,5183,Petrol,2,2019,794299
Maruti Suzuki Swift,Pune,136082,Diesel,2,2012,411899
Maruti Suzuki Celerio,Chennai,5817,Petrol,1,2019,557399
Hyundai Creta ,Pune,99138,Diesel,2,2015,896099
Honda Jazz ,Pune,27936,Petrol,2,2016,637699
Maruti Suzuki Alto,Chennai,39845,Petrol,3,2014,254499
Maruti Suzuki Eeco,Chennai,15615,Petrol,2,2019,457699
Honda Brio ,Chennai,53158,Petrol,2,2012,361599
Maruti Suzuki Baleno,Pune,16002,Petrol,2,2019,675799
Maruti Suzuki Wagon,Pune,31133,Petrol,1,2015,389499
Maruti Suzuki Baleno,Bangalore,20172,Petrol,2,2016,625599
Volkswagen Polo ,Bangalore,69653,Petrol,1,2013,686999
Maruti Suzuki Celerio,Trichy,75000,Petrol,0,2015,425000
Renault Pulse RxL,Trichy,132000,Diesel,0,2012,350000
Skoda Rapid 1.5,Trichy,84000,Diesel,0,2014,560000
Maruti Suzuki SX4,Trichy,147000,Petrol,0,2007,250000
Hyundai Santro GLS,Uttarpara,61000,Petrol,0,2008,90000
Hyundai i10 Era,Delhi,56000,Petrol,0,2012,200000
Mahindra KUV100 K4,Chennai,108000,Diesel,0,2018,325000
Hyundai i20 Era,Chennai,55000,Diesel,0,2018,620000
Volkswagen Ameo Comfortline,Chennai,26023,Petrol,1,2017,519699
Maruti Suzuki Alto,Chennai,19805,Petrol,2,2018,324599
Maruti Suzuki Alto,Chennai,41365,Petrol,2,2017,340199
Ford Ecosport ,Chennai,90001,Diesel,1,2017,693999
Hyundai EON Era,Chennai,45285,Petrol,2,2016,310999
Maruti Suzuki Ciaz,Bangalore,42441,Petrol,2,2016,722199
Maruti Suzuki Celerio,Bangalore,24342,Petrol,3,2016,485099
Maruti Suzuki Dzire,Chennai,14308,Petrol,2,2017,614999
Maruti Suzuki Vitara,Pune,32456,Diesel,2,2018,1061399
Maruti Suzuki S,Pune,58448,Diesel,1,2018,879699
Maruti Suzuki Ertiga,Chennai,86576,Diesel,2,2016,755199
Ford Ecosport ,Bangalore,50421,Petrol,2,2018,816399
Maruti Suzuki Eeco,Chennai,26035,Petrol,2,2017,414299
Tata Tiago ,Chennai,23499,Petrol,2,2018,476299
Maruti Suzuki Baleno,Chennai,25636,Petrol,2,2016,572599
Kia Seltos ,Bangalore,15023,Petrol,2,2019,1644799
Mahindra Jeep CL550,Kochi,250,Diesel,0,2020,440000
Volkswagen Vento Highline,Pune,66000,Petrol,0,2015,575000
Toyota Innova 2.5,Bangalore,85000,Diesel,0,2015,880000
Kia Carnival ,Chennai,50000,Diesel,1,2020,1500000
Hyundai Creta ,Chennai,12000,Petrol,1,2021,1000000
Chevrolet Beat ,Chennai,56000,Petrol,0,2011,86000
Maruti Suzuki Wagon,Chennai,53000,Petrol,0,2010,89000
Tata Nano CNG,Mumbai,28000,Petrol,0,2014,90000
Maruti Suzuki Alto,Bangalore,22584,Petrol,1,2015,352199
Maruti Suzuki Baleno,Bangalore,22394,Petrol,2,2017,566899
Maruti Suzuki Dzire,Chennai,93563,Diesel,2,2017,650699
Maruti Suzuki Eeco,Chennai,10537,Petrol,2,2017,413399
Ford Ecosport ,Chennai,81515,Diesel,1,2016,645799
Jeep Compass ,Chennai,24676,Diesel,2,2017,1551499
Maruti Suzuki Alto,Pune,11917,Petrol,2,2017,333699
Maruti Suzuki Ertiga,Pune,69654,Diesel,2,2016,811799
Maruti Suzuki Alto,Pune,16226,Petrol,2,2017,406899
Ford Ecosport ,Pune,8925,Petrol,2,2018,727299
Honda Jazz ,Bangalore,27819,Petrol,2,2016,657399
Hyundai Grand i10,Bangalore,26543,Petrol,2,2020,637599
Maruti Suzuki Dzire,Bangalore,90088,Petrol,2,2017,623799
Maruti Suzuki Eeco,Chennai,34258,Petrol,2,2018,422899
Hyundai i20 Active,Chennai,101744,Petrol,2,2015,576099
Jeep Compass ,Pune,19830,Petrol,2,2019,1987699
Ford Ikon ,Chennai,73000,Petrol,0,2007,39000
Hyundai Grand i10,Dhanbad,38000,Diesel,0,2019,475000
Mahindra XUV 500,NaviMumbai,87500,Diesel,0,2012,450000
Maruti Suzuki Ertiga,Nagpur,91000,Diesel,0,2014,650000
Maruti Suzuki Ritz,Nagpur,76000,Diesel,0,2012,326000
Tata Indica Vista,Nagpur,80000,Diesel,0,2011,170000
Maruti Suzuki Eeco,Delhi,70000,CNG,0,2013,250000
Maruti Suzuki Alto,Bangalore,85000,Petrol,0,2007,88000
MG Motors Hector,Pune,13636,Petrol,1,2019,1652199
Hyundai Venue ,Bangalore,21393,Petrol,2,2019,1217499
Hyundai Creta ,Pune,76915,Diesel,2,2017,1198299
Hyundai Grand i10,Chennai,16300,Petrol,2,2018,590799
Hyundai Elite i20,Pune,40106,Diesel,2,2019,844999
Renault Kwid RXT,Bangalore,66461,Petrol,1,2015,328499
Hyundai Creta ,Pune,48182,Petrol,2,2016,769599
Hyundai Elite i20,Bangalore,41816,Petrol,1,2017,654299
Hyundai i20 ,Chennai,73841,Petrol,2,2012,395699
Renault Kwid RxL,Chennai,19908,Petrol,3,2016,294799
Hyundai Elite i20,Chennai,26226,Petrol,1,2018,534499
Maruti Suzuki Baleno,Chennai,43287,Petrol,2,2016,681399
Datsun Redi GO,Bangalore,26527,Petrol,2,2018,415699
Maruti Suzuki Alto,Bangalore,37801,Petrol,3,2017,300199
Maruti Suzuki Vitara,Chennai,54044,Diesel,2,2017,856699
Ford Figo Aspire,Pune,29632,Petrol,2,2017,481399
Mahindra Xylo D2,Trichy,115000,Diesel,0,2009,375000
Maruti Suzuki Eeco,Trichy,13000,Petrol,0,2020,525000
Maruti Suzuki Swift,Delhi,42000,Diesel,0,2018,550000
Hyundai i10 Magna,Bangalore,65000,Petrol,1,2014,229000
Maruti Suzuki Alto,Bangalore,60000,Petrol,0,2014,275000
Jeep Compass Limited,Mahasamund,31000,Diesel,1,2017,1750000
Jeep Compass Limited,Bilaspur,31000,Diesel,1,2017,1750000
Jeep Compass Limited,Jagdalpur,31000,Diesel,1,2017,1750000
